<?xml version="1.0" encoding="UTF-8"?>
<!DOCTYPE hibernate-configuration SYSTEM 
"http://www.hibernate.org/dtd/hibernate-configuration-3.0.dtd">
<hibernate-configuration>
   <session-factory>
     <!-- Hibernate Properties -->
     <property name="dialect">org.hibernate.dialect.MySQL8Dialect</property>
     <property name="show_sql">true</property>
     <property name="format_sql">true</property>
     <property name="hbm2ddl.auto">update</property>
     <!-- Database properties -->
     <property name="connection.driver_class">com.mysql.cj.jdbc.Driver</property>
     <property name="connection.url">jdbc:mysql://localhost:3306/hb_db</property>
     <property name="connection.username">root</property>
     <property name="connection.password">Guru@1253</property>
     <!-- Mapping File -->
     <mapping class="mydemo.hb.entity.Company"/>
     <mapping class="mydemo.hb.entity.Employee"/>
   </session-factory>
</hibernate-configuration>